param,covariate,coef,exp(coef),se(coef),coef lower 95%,coef upper 95%,exp(coef) lower 95%,exp(coef) upper 95%,cmp to,z,p,-log2(p)
lambda_,ADT_029,0.0030405530450070134,1.0030451802149467,0.0007219061584115011,0.0016256429743028043,0.0044554631157112225,1.0016269650481524,1.0044654034489453,0.0,4.211839737864983,2.5329923297318613e-05,15.268797766069603
lambda_,ADT_029_missing,-0.022087059244492297,0.9781550739025009,0.013262024011130224,-0.04808014866841296,0.003906030179428366,0.953057397734944,1.0039136686574468,0.0,-1.665436529594247,0.09582569657544461,3.3834436094826965
lambda_,APPR_SPANS_046,-0.001734329826837655,0.9982671732540649,0.00023217000770010522,-0.002189374680220248,-0.0012792849734550617,0.9978130202524045,0.9987215329627382,0.0,-7.470085580898522,8.014268145873427e-14,43.5044225473479
lambda_,APPR_SPANS_046_missing,-0.01133213339868956,0.9887318333703339,0.012205069615995271,-0.0352536302748444,0.01258936347746528,0.9653605405457096,1.0126689431155314,0.0,-0.9284775716345206,0.3531598966525159,1.501606568960459
lambda_,APPR_WIDTH_MT_032,-0.009054518752551394,0.99098634996051,0.0005725704754525116,-0.010176736263049291,-0.007932301242053496,0.9898748715028609,0.9920990764388913,0.0,-15.81380658057065,2.4990023955949988e-56,184.70662102926994
lambda_,APPR_WIDTH_MT_032_missing,0.023671774685392787,1.0239541750470957,0.01559636950905722,-0.006896547841938008,0.05424009721272358,0.9931271787688951,1.0557380514911523,0.0,1.5177746764492832,0.12907121108911376,2.9537608467642777
lambda_,BASE_HWY_NETWORK_012,0.060525243406321066,1.0623944156857417,0.0020717516818092724,0.05646468472506461,0.06458580208757753,1.0580892474277312,1.066717100872286,0.0,29.214526015716338,1.2681023548982477e-187,620.8578825466104
lambda_,BASE_HWY_NETWORK_012_missing,-0.352967946749975,0.7025997136206042,0.0012378718394265764,-0.35539413097272743,-0.3505417625272226,0.700897143490065,0.7043064195149661,0.0,-285.1409455388221,0.0,inf
lambda_,DECK_PROTECTION_1,0.15826695581445674,1.1714788860685732,0.0029428890088247497,0.15249899934666145,0.16403491228225203,1.164741296591764,1.178255449961496,0.0,53.77945119230339,0.0,inf
lambda_,DECK_PROTECTION_2,0.1033039849335994,1.1088284249846747,0.015204926246716901,0.07350287710244649,0.1331050927647523,1.0762716332111861,1.142370046849262,0.0,6.794112859041664,1.0898104882464851e-11,36.41713176328871
lambda_,DECK_PROTECTION_3,0.04574557885834976,1.0468080469756598,0.02754462904361087,-0.008240902034643498,0.09973205975134303,0.9917929611137198,1.1048748379727096,0.0,1.6607803570678583,0.09675756761803625,3.369481687814316
lambda_,DECK_PROTECTION_4,-0.00886395238468229,0.9911752166250755,0.017065069869004718,-0.0423108747215912,0.024582969952226617,0.9585717385256763,1.0248876224566994,0.0,-0.5194208082781944,0.6034673238257707,0.7286524399481492
lambda_,DECK_PROTECTION_6,-0.05207055678881692,0.9492618876094615,0.011522794789707795,-0.07465481957788998,-0.029486293999743854,0.9280637804932308,0.9709441853112493,0.0,-4.518917306010391,6.215666390028095e-06,17.29565949646144
lambda_,DECK_PROTECTION_7,-0.02502998013701961,0.9752806725418376,0.009002973287509635,-0.04267548353431466,-0.007384476739724557,0.9582222985305043,0.9926427215191539,0.0,-2.780190425728043,0.005432703080705018,7.524114084643485
lambda_,DECK_PROTECTION_8,-0.005875146355311165,0.994142078567547,0.002664567805641388,-0.011097603288733209,-0.0006526894218891223,0.9889637479503444,0.9993475235335179,0.0,-2.2049153122965692,0.027460037805317868,5.18652257807314
lambda_,DECK_PROTECTION_9,0.008737173974433174,1.0087754544855703,0.005691938326750812,-0.002418820148221595,0.019893168097087945,0.9975841028400306,1.0200923557978474,0.0,1.5350085459237057,0.1247817288641121,3.0025213915117006
lambda_,DECK_PROTECTION_Unknown,0.08487145081121569,1.0885771219977405,0.0034830045112532702,0.07804488741116875,0.09169801421126264,1.081171188556569,1.0960337854719684,0.0,24.36731004424593,3.800135860028904e-131,433.246529432455
lambda_,DECK_TYPE_2,-0.039392260982785844,0.9613735258499836,0.0021603461215375526,-0.04362646157514024,-0.03515806039043145,0.9573114833176477,0.9654528043497366,0.0,-18.234235981940593,2.7608492576043073e-74,244.3575669027514
lambda_,DECK_TYPE_3,-0.0954686996952346,0.9089468115206403,0.0038252886230806717,-0.10296612762694353,-0.08797127176352566,0.9021575311804345,0.9157871852962438,0.0,-24.95725397534827,1.7812934897372067e-137,454.27122376201453
lambda_,DECK_TYPE_4,-0.026990116321254507,0.9733708619616939,0.005097365842894804,-0.036980769789352975,-0.01699946285315604,0.963694667222317,0.9831442127275788,0.0,-5.294914501551014,1.1907210784552242e-07,23.00166115684989
lambda_,DECK_TYPE_5,-0.07144697576421781,0.9310456442698009,0.006349608399764329,-0.0838919795436889,-0.05900197198474672,0.9195305788433025,0.9427049101555632,0.0,-11.252186161097686,2.2592191362081944e-29,95.16009053793576
lambda_,DECK_TYPE_6,-0.07165708018117052,0.9308500480160932,0.0026068924184602703,-0.07676649543292317,-0.06654766492941787,0.9261060783596738,0.9356183186123582,0.0,-27.48754788411787,2.4735082428473035e-166,550.1335050440857
lambda_,DECK_TYPE_7,-0.05002642222701566,0.9512042912329558,0.010875832705073557,-0.07134266263084266,-0.028710181823188654,0.931142769623907,0.9716980394160594,0.0,-4.599778571775788,4.229402634644304e-06,17.851114659382095
lambda_,DECK_TYPE_8,-0.046850938268281586,0.9542296261102181,0.001523396748718947,-0.04983674102993614,-0.04386513550662703,0.951384733914335,0.9570830252868395,0.0,-30.754259064606394,1.0725238413922996e-207,687.5381059235851
lambda_,DECK_TYPE_9,-0.0921056152095628,0.9120088224554703,0.0024528440766169823,-0.09691310125942448,-0.08729812915970112,0.9076348750339619,0.9164038481944524,0.0,-37.55053820485684,1.380660345493407e-308,1022.6884947776463
lambda_,DECK_TYPE_Unknown,-0.0499481716732061,0.9512787264077897,0.002889179152030873,-0.05561085875607059,-0.044285484590341616,0.9459071557671328,0.9566808008573792,0.0,-17.288014707601754,5.7912711136928664e-67,220.0353023204383
lambda_,DECK_WIDTH_MT_052,0.018783975617810717,1.0189615043105518,0.0019320369233722897,0.014997252831199457,0.022570698404421975,1.0151102759326092,1.022827343869536,0.0,9.722368858781474,2.420829419639983e-22,71.80691666209245
lambda_,DECK_WIDTH_MT_052_missing,0.3162163775664369,1.3719270777544732,0.023497437005804103,0.27016224730606214,0.36227050782681164,1.310177006179224,1.4365874975663075,0.0,13.457483788054342,2.782304863517879e-41,134.72277138243982
lambda_,DEGREES_SKEW_034,-0.0055288094031563,0.9944864463352463,0.0004160513621285977,-0.006344255088647183,-0.004713363717665417,0.9936758272061573,0.9952977267497911,0.0,-13.288766499573184,2.689757376303291e-40,131.44964775200273
lambda_,DEGREES_SKEW_034_missing,0.2630712695611285,1.300919431604844,0.027148432834247747,0.20986131896929822,0.31628122015295873,1.2335069840745985,1.372016039938952,0.0,9.690108860695048,3.3217442509791348e-22,71.35047708648165
lambda_,DETOUR_KILOS_019,0.009037401546440236,1.0090783621593131,0.0004679520567578111,0.008120232368703482,0.009954570724176989,1.008153290875901,1.0100042822787971,0.0,19.312665509059933,4.203099926315297e-83,273.64857811949764
lambda_,DETOUR_KILOS_019_missing,0.017938659371143476,1.0181005235480114,0.00954150951056689,-0.0007623556277140259,0.03663967437000098,0.9992379348915065,1.037319180802796,0.0,1.8800651355298694,0.06009920133133726,4.056510370934356
lambda_,HIGHWAY_SYSTEM_104,0.07547849093492573,1.0784000320921279,0.002721579289307565,0.07014429354681279,0.08081268832303867,1.0726629484293593,1.0841678002574255,0.0,27.73334263361817,2.7676849008239777e-169,559.9371683335587
lambda_,HIGHWAY_SYSTEM_104_missing,-0.09138916713623665,0.9126624635411639,0.001192403854505042,-0.09372623574609328,-0.08905209852638003,0.9105319992365495,0.9147979127097446,0.0,-76.64279748086828,0.0,inf
lambda_,HISTORY_2,-0.006588362712260778,0.9934332929647688,0.005503712325045605,-0.017375440650619366,0.004198715226097812,0.9827746418114718,1.004207542180505,0.0,-1.1970761411855197,0.23127687847445494,2.112307052768024
lambda_,HISTORY_3,0.03525727821631689,1.035886185468937,0.0044869536480962495,0.026463010665747633,0.04405154576688615,1.0268162653091695,1.045036220693574,0.0,7.857731766691205,3.911518072166273e-15,47.86119279272518
lambda_,HISTORY_4,-0.03724925923063788,0.9634359601111633,0.004052641248677577,-0.04519229012030736,-0.029306228340968393,0.9558136706354098,0.9711190347573294,0.0,-9.191353723400198,3.8792818838246804e-20,64.48277228619337
lambda_,HISTORY_5,-0.017306856168837682,0.9828420472124444,0.003984807219781088,-0.0251169348049438,-0.009496777532731565,0.9751958710218213,0.9905481744468274,0.0,-4.34321040248177,1.4041553649219898e-05,16.119937900758984
lambda_,HORR_CLR_MT_047,0.012715644061823237,1.0127968316161762,0.0009845989334157207,0.010785865613111874,0.0146454225105346,1.010844242755512,1.014753192178847,0.0,12.914541779677506,3.726558442219145e-38,124.33542372063746
lambda_,HORR_CLR_MT_047_missing,-0.08346236636539814,0.9199257061676904,0.003378284958453332,-0.09008368321348006,-0.07684104951731621,0.9138547077727311,0.9260370359426799,0.0,-24.705543609207382,9.324024253271832e-135,445.2393400526427
lambda_,INVENTORY_RATING_066,0.03916045162246539,1.0399373298962686,0.0012255112162875383,0.03675849377589194,0.041562409469038844,1.0374424417743309,1.0424382178370788,0.0,31.95438042672086,4.696272033886403e-224,741.880377275075
lambda_,INVENTORY_RATING_066_missing,0.05268754440342916,1.0541002341413799,0.006810910868198822,0.03933840439984704,0.06603668440701128,1.0401224060993501,1.0682659051484555,0.0,7.735755969063597,1.0279046244450982e-14,46.467286920139806
lambda_,IS_RURAL_026,-0.01244024873311808,0.9876368112815725,0.0014892743013031659,-0.015359172726773337,-0.009521324739462822,0.9847581777961381,0.9905238595544446,0.0,-8.353228631040256,6.642190506926205e-17,53.74111851122373
lambda_,LAT_UND_MT_055B,-0.008987924760943077,0.9910523458946252,0.00047600664760565135,-0.009920880646651803,-0.008054968875234351,0.9901281689506711,0.9919773854572286,0.0,-18.88193117922408,1.6060497452919492e-79,261.74880291696087
lambda_,LAT_UND_MT_055B_missing,-0.09927616859352548,0.9054926048706853,0.0013472218636771916,-0.1019166749255177,-0.09663566226153325,0.9031047998085142,0.9078867232787894,0.0,-73.68954681492096,0.0,inf
lambda_,LEFT_CURB_MT_050A,-0.003329684361718197,0.9966758528897847,0.0006120354141740913,-0.004529251730762471,-0.0021301169926739227,0.9954809898617732,0.99787215009652,0.0,-5.440345909086692,5.3177217792854755e-08,24.164616461058102
lambda_,LEFT_CURB_MT_050A_missing,0.05836886920744757,1.0601059640445323,0.02702686216395238,0.005397192750972633,0.11134054566392251,1.0054117838342538,1.1177754956451298,0.0,2.1596613344666484,0.030798896515079274,5.020977527839678
lambda_,LEFT_LAT_UND_MT_056,0.004617517722058677,1.0046281948846858,0.00047395899455331873,0.003688575162585357,0.005546460281531998,1.0036953863278741,1.0055618703696667,0.0,9.742441382319251,1.9872171760028401e-22,72.09166853923186
lambda_,LEFT_LAT_UND_MT_056_missing,-0.06412527037108919,0.937887502655947,0.001740385814781137,-0.06753636388726461,-0.06071417685491376,0.9346937309005748,0.9410921872672507,0.0,-36.845433826495125,3.460860946962508e-297,984.82151320455
lambda_,MAINTENANCE_11,0.05158726630467289,1.0529410685590535,0.007923837439853958,0.03605683030320907,0.06711770230613671,1.03671476163107,1.0694213441255338,0.0,6.510389277448842,7.495630160660046e-11,33.63515927253346
lambda_,MAINTENANCE_12,0.09616375122150723,1.10093932939423,0.025466221343658457,0.04625087456561144,0.14607662787740303,1.047337128248114,1.1572848649359426,0.0,3.7761295609508916,0.00015928416084241872,12.616109566610946
lambda_,MAINTENANCE_2,0.009045258520980665,1.0090862904934603,0.0014294849331789642,0.00624351953550725,0.011846997506454082,1.0062630509306603,1.0119174511278146,0.0,6.3276347382447335,2.4894756852754265e-10,31.90343902421233
lambda_,MAINTENANCE_21,0.0033683522960927304,1.0033740315694957,0.007226110608610519,-0.010794564245086697,0.017531268837272157,0.9892634879928985,1.0176858435062857,0.0,0.4661362769729895,0.6411179580450487,0.6413382749694736
lambda_,MAINTENANCE_25,0.06563790850712302,1.0678399913785277,0.008383481683888753,0.04920658634164986,0.08206923067259618,1.0504373343323652,1.08553095926663,0.0,7.82943304251084,4.900749052459992e-15,47.535919149250105
lambda_,MAINTENANCE_26,0.062423182283873294,1.0644126900253859,0.010860911316088698,0.041136187265055926,0.08371017730269066,1.0419940021963656,1.087313719943627,0.0,5.747508700435051,9.056794080635174e-09,26.718352397807372
lambda_,MAINTENANCE_27,0.03231284594183218,1.0328405747493712,0.005737584807122454,0.021067386361627978,0.043558305522036385,1.0212908703946997,1.0445208938726138,0.0,5.63178532920682,1.783536003259834e-08,25.74068442010934
lambda_,MAINTENANCE_3,0.05037156305044761,1.0516617824492007,0.0022426294517320683,0.04597609009438395,0.054767036006511276,1.0470493758058936,1.0562945074227938,0.0,22.460938882053714,1.0005161632580709e-111,368.73327405844304
lambda_,MAINTENANCE_31,0.16474206430169366,1.1790889503533635,0.007481727704589806,0.15007814745856213,0.1794059811448252,1.1619250406693908,1.1965064046166576,0.0,22.019254215925226,1.88337663248742e-107,354.5329846179516
lambda_,MAINTENANCE_32,0.1643096825381658,1.1785792439954612,0.020747796709755996,0.12364474822848542,0.20497461684784618,1.1316137917795261,1.2274939069031277,0.0,7.91937981833533,2.3869815640334274e-15,48.57373399957204
lambda_,MAINTENANCE_4,0.004110125465343936,1.004118583615063,0.0020581713844310713,7.618367784809413e-05,0.008144067252839778,1.0000761865798982,1.0081773203791498,0.0,1.9969792100088277,0.04582744148162334,4.447644446606898
lambda_,MAINTENANCE_60,0.07627706118299206,1.0792615542204564,0.019606261792991412,0.03784949419726519,0.11470462816871893,1.0385749095645456,1.1215421166940531,0.0,3.8904438790192315,0.00010006101754662597,13.286832350888858
lambda_,MAINTENANCE_62,-0.06636021026999692,0.9357937210651116,0.009872871637466146,-0.08571068310341755,-0.047009737436576285,0.9178597451424295,0.9540781072700808,0.0,-6.721469974163276,1.7990031151711644e-11,35.69401135898477
lambda_,MAINTENANCE_63,0.13038587234726712,1.1392679105012677,0.021369658461460404,0.0885021114008831,0.17226963329365114,1.0925365593907006,1.1879981138770965,0.0,6.101448583392874,1.0511145366737248e-09,29.82543297014009
lambda_,MAINTENANCE_64,0.2520563174312011,1.2866684971090103,0.006039685063658819,0.2402187522284653,0.26389388263393687,1.2715272693244388,1.3019900252177317,0.0,41.73335443396552,0.0,inf
lambda_,MAINTENANCE_66,0.2115779383478562,1.2356262645455884,0.011017928823742522,0.1899831946690951,0.2331726820266173,1.2092292759883727,1.2625994887420877,0.0,19.20305909872345,3.489238920235353e-82,270.59519139353887
lambda_,MAINTENANCE_68,0.2816309573820643,1.3252895414065884,0.032295518517161496,0.21833290422638135,0.3449290105377472,1.2440011319278006,1.4118896868203354,0.0,8.720434608672054,2.771359624668159e-18,58.32411177410698
lambda_,MAINTENANCE_69,0.03323557661479521,1.0337940482599486,0.026434544585166073,-0.018575178719848595,0.08504633194943902,0.9815962766663214,1.0887675102510512,0.0,1.257278199278893,0.2086529153218904,2.2608230166486183
lambda_,MAINTENANCE_70,0.27229435401189733,1.312973423430569,0.01741757818583415,0.2381565280697519,0.30643217995404276,1.2689077969690965,1.358569326118636,0.0,15.633307403974017,4.3179649946776316e-55,180.59569367118553
lambda_,MAINTENANCE_72,0.08562703723187674,1.089399946907482,0.02394090200894787,0.03870373153693629,0.1325503429268172,1.0394624780754498,1.141736492999106,0.0,3.5766002968423574,0.00034809179775460947,11.488244559966926
lambda_,MAINTENANCE_73,0.035494465921731604,1.0361319140770895,0.025848223109799506,-0.015167120437831347,0.08615605228129455,0.9849473210203511,1.0899764083391734,0.0,1.3731878501263415,0.16969395582467692,2.558992915139704
lambda_,MAINTENANCE_74,0.011803096498351085,1.0118730279067123,0.012175837326169016,-0.012061106142558658,0.035667299139260825,0.9880113374556592,1.0363110075657902,0.0,0.9693868423310146,0.33235221470800724,1.5892151272182862
lambda_,MAINTENANCE_80,0.05222221951552093,1.0536098491710981,0.01637165927647799,0.020134356966462992,0.08431008206457888,1.020338420392628,1.08796620031536,0.0,3.1897939380250415,0.0014237427096390684,9.45609583011728
lambda_,MAINTENANCE_Other,0.1801135026560529,1.1973532581844766,0.026174299137241057,0.12881281902648262,0.23141418628562316,1.1374771901499492,1.2603811639475504,0.0,6.8813113853270504,5.930405867982726e-12,37.295006294637844
lambda_,MAIN_UNIT_SPANS_045,-0.0008354091346704874,0.9991649397223877,0.0002458317773094351,-0.001317230564452451,-0.00035358770488852373,0.9986836366029326,0.9996464747998767,0.0,-3.39829595593305,0.000678070229827152,10.526277674069616
lambda_,MAIN_UNIT_SPANS_045_missing,0.17816578543331207,1.1950234222890947,0.02212410472762658,0.13480333697697164,0.2215282338896525,1.1443117184191356,1.24798248312307,0.0,8.053016726630966,8.077785954299817e-16,50.136889600277804
lambda_,MAX_SPAN_LEN_MT_048,0.0020801926115261854,1.0020823577131925,0.0007233028490429307,0.0006625450774868297,0.003497840145565541,1.0006627646089572,1.0035039647272612,0.0,2.8759635252075695,0.004027962542827231,7.955734017287763
lambda_,MAX_SPAN_LEN_MT_048_missing,-0.031176095887011927,0.9693048674457696,0.038076878339472306,-0.10580540607609094,0.0434532143020671,0.8995996876777228,1.0444111296653216,0.0,-0.8187671165966697,0.41291929557431006,1.276068258163205
lambda_,MEDIAN_CODE_033_1,-0.045580519452470374,0.9554426677541469,0.003062159878761169,-0.0515822425297458,-0.039578796375194944,0.9497255389193336,0.9611942123867611,0.0,-14.88508806108141,4.1194373525377086e-50,164.05395744194396
lambda_,MEDIAN_CODE_033_2,-0.05544784148580547,0.9460613675388397,0.0033060864879300308,-0.061927651931922845,-0.048968031039688095,0.9399508879620141,0.9522115704258265,0.0,-16.77144312111503,3.948025558094295e-63,207.30033864859166
lambda_,MEDIAN_CODE_033_3,-0.020190344310177348,0.9800121158220891,0.004010038266575759,-0.028049874889293266,-0.012330813731061431,0.9723398702484928,0.9877448992322411,0.0,-5.034950533631249,4.779722448159509e-07,20.996569818869453
lambda_,MEMBRANE_TYPE_1,-0.04467130656494404,0.956311763577652,0.002846998036447353,-0.0502513201804371,-0.039091292949450976,0.9509903913882921,0.9616629120951791,0.0,-15.690669959396056,1.7519671899505626e-55,181.89706946175332
lambda_,MEMBRANE_TYPE_2,0.08588426328193263,1.0896802049960512,0.0036446630707530356,0.07874085492747353,0.09302767163639174,1.0819239104879925,1.097492104250352,0.0,23.564390346838785,8.938781951575113e-123,405.43707741603953
lambda_,MEMBRANE_TYPE_3,0.07725354252313431,1.0803159477032847,0.009993379336431494,0.057666878939881795,0.09684020610638683,1.0593620411190612,1.1016843171284425,0.0,7.730472337970966,1.071482721288579e-14,46.407384743095754
lambda_,MEMBRANE_TYPE_8,-0.0554523413028809,0.9460571104453217,0.00251079535147956,-0.06037340976433143,-0.05053127284143038,0.9414129351609349,0.9507241963603856,0.0,-22.08556793376409,4.350449259273873e-108,356.6470698559176
lambda_,MEMBRANE_TYPE_9,-0.029425114184319368,0.9710035893144384,0.0044268457092401,-0.038101572339545635,-0.0207486560290931,0.96261516085144,0.9794651162854807,0.0,-6.646970804268306,2.991863461501146e-11,34.960164706740635
lambda_,MEMBRANE_TYPE_Unknown,0.05952196423889662,1.0613290720088164,0.004002886710965808,0.051676450451209645,0.0673674780265836,1.0530349783971784,1.0696884929744832,0.0,14.86975988499442,5.179878265563845e-50,163.72348655142366
lambda_,MIN_VERT_CLR_010_unrestricted,-0.038520257661879505,0.9622122123727287,0.0022264688300604415,-0.042884056381499,-0.03415645894226001,0.9580224602186116,0.9664202877122009,0.0,-17.301054091484318,4.618605084927349e-67,220.36172516402107
lambda_,NATIONAL_NETWORK_110,-0.04467087363600031,0.9563121775927833,0.0020339823511577293,-0.04865740578945956,-0.040684341482541055,0.9525073973264344,0.9601321560118351,0.0,-21.96227199836515,6.610962642361958e-107,352.721445790709
lambda_,NATIONAL_NETWORK_110_missing,-0.022087599405335754,0.9781545455415739,0.004335586253173815,-0.03058519231342339,-0.01359000649724812,0.9698778024138293,0.9865019207392888,0.0,-5.094489675800311,3.496818887933102e-07,21.447453588292344
lambda_,OPERATING_RATING_064,0.028258780324527426,1.0286618474277716,0.001150454336091433,0.02600393125993028,0.030513629389124573,1.0263449832944187,1.0309839416343451,0.0,24.56314817373294,3.1299093098512835e-133,440.17031576481764
lambda_,OPERATING_RATING_064_missing,-0.12128744739489011,0.8857793080406225,0.003763456006919188,-0.12866368562585265,-0.11391120916392758,0.8792696268394823,0.8923371837296047,0.0,-32.22767774404716,7.229842963670238e-228,754.5456413229645
lambda_,PERCENT_ADT_TRUCK_109,0.008633268468720298,1.008670642607181,0.0005572136018587522,0.0075411498773813035,0.009725387060059293,1.0075696559592764,1.0097728323198978,0.0,15.493642725018658,3.8296300317012e-54,177.4469120991854
lambda_,PERCENT_ADT_TRUCK_109_missing,-0.04331308558080037,0.9576115287666904,0.0011894385702858397,-0.04564434234038343,-0.04098182882121731,0.9553816905897455,0.9598465713329849,0.0,-36.41473100236828,2.4889041789371884e-290,962.0436368286928
lambda_,PIER_PROTECTION_111_2,-0.022843179662291147,0.9774157504233624,0.007000710426081648,-0.036564319963605235,-0.009122039360977061,0.964096081277161,0.9909194402181377,0.0,-3.262980222291047,0.0011024721341777366,9.825042093633623
lambda_,PIER_PROTECTION_111_3,-0.05164899152943678,0.9496621478053002,0.012040500158079084,-0.0752479381951206,-0.028050044863752947,0.9275134917964105,0.9723397049755628,0.0,-4.289605153551757,1.789910520006507e-05,15.769753007377204
lambda_,PIER_PROTECTION_111_5,0.028765947653973667,1.0291836834277344,0.0064898967526633,0.016045983755370148,0.041485911552577186,1.0161754118933106,1.0423584765354348,0.0,4.432419921344481,9.318131478100393e-06,16.711527882420924
lambda_,PIER_PROTECTION_111_Other,-0.04371243472735505,0.957229183769602,0.022080352758712823,-0.0869891309003718,-0.0004357385543382955,0.9166870591419788,0.9995643563659183,0.0,-1.9796982052338947,0.047737450372847365,4.388734674730742
lambda_,RIGHT_CURB_MT_050B,-0.0033027568438008447,0.9967026912580148,0.0006008610527122737,-0.004480422866829724,-0.002125090820771965,0.9955295992543359,0.9978771655860869,0.0,-5.496706482958534,3.869499559699774e-08,24.62327776363986
lambda_,RIGHT_CURB_MT_050B_missing,-0.01723746898505769,0.9829102462202423,0.026780376586961023,-0.06972604258792099,0.035251104617805604,0.9326492910964035,1.035879790343265,0.0,-0.6436604402885941,0.5197956479888413,0.9439835400522403
lambda_,ROADWAY_WIDTH_MT_051,-0.0025074195849755193,0.9974957213657365,0.0018651064193798905,-0.006162960994294562,0.0011481218243435238,0.9938559910961621,1.001148781168517,0.0,-1.3443841911225551,0.17882418324741267,2.48338624263961
lambda_,ROADWAY_WIDTH_MT_051_missing,0.12410347197415618,1.132133008976268,0.02191676524488979,0.08114740143655301,0.16705954251175936,1.0845307461754121,1.181824632020485,0.0,5.662490362399291,1.4919175822358986e-08,25.998256919875573
lambda_,ROAD_CLASS_Interstate,-0.11798604858650642,0.8887084512672067,0.004263829723998437,-0.1263430012817547,-0.10962909589125813,0.8813125036159665,0.8961664654855673,0.0,-27.67137907089408,1.543718392166869e-168,557.4575103434441
lambda_,ROAD_CLASS_Local,0.01718647636083245,1.0173350135693024,0.001225243762123481,0.014785042714788066,0.019587910006876832,1.0148948821179649,1.0197810118760204,0.0,14.026985398437297,1.0658692231504846e-44,146.07280573759064
lambda_,ROAD_CLASS_Minor_Arterial,-0.024535432082404357,0.9757631149868005,0.0016898563156869915,-0.027847489600198408,-0.021223374564610306,0.9725366774490009,0.9790002563874227,0.0,-14.519241579678187,9.151718249856347e-48,156.25850591744563
lambda_,ROAD_CLASS_Minor_Collector,0.007353756807754975,1.0073808620784688,0.0016276879576139964,0.004163547032761984,0.010543966582747966,1.0041722266365078,1.0105997500858028,0.0,4.517915595157894,6.2451367731566605e-06,17.288835401046732
lambda_,ROAD_CLASS_Principal_Arterial,-0.07670765849738367,0.9261605692063305,0.002568722116204231,-0.08174226133143547,-0.07167305566333187,0.9215094367066873,0.9308351773565394,0.0,-29.86218634296404,6.098781579986732e-196,648.4893855493602
lambda_,SCOUR_CRITICAL_113,0.013863756256705898,1.0139603037799794,0.00041986978390675636,0.01304082660205204,0.014686685911359755,1.013126229016856,1.0147950652104605,0.0,33.01918067956213,4.30981836019294e-239,791.8331876107075
lambda_,SCOUR_CRITICAL_113_missing,-0.028499801889957096,0.9719024866897609,0.001472668719624052,-0.031386179541578955,-0.02561342423833524,0.9691012537255331,0.9747118167502308,0.0,-19.352486754273304,1.9424035563967777e-83,274.76218890747487
lambda_,SERVICE_ON_042A_1,-0.014191114495066095,0.9859091047359403,0.01470913431878888,-0.0430204880036544,0.01463825901352221,0.9578917645760147,1.0147459230234228,0.0,-0.9647824397754607,0.33465379313868027,1.5792587282418544
lambda_,SERVICE_ON_042A_2,0.212569788075746,1.236852428104326,0.03462966043540667,0.1446969008254973,0.2804426753259947,1.1556892287253793,1.323715658918793,0.0,6.138373446434567,8.337068982662699e-10,30.159740676402325
lambda_,SERVICE_ON_042A_3,0.1518716937954508,1.1640108770327624,0.028249825679158725,0.09650305289476492,0.20724033469613667,1.1013129433311815,1.2302782147936089,0.0,5.376022334449092,7.614935009880429e-08,23.646593035101144
lambda_,SERVICE_ON_042A_4,0.05389352490267741,1.055372225312117,0.027703829265117635,-0.0004049826907999085,0.10819203249615472,0.9995950993036209,1.1142616992982441,0.0,1.94534569163461,0.05173338634008286,4.27276055987725
lambda_,SERVICE_ON_042A_5,-0.024419648666564497,0.9758760987139988,0.014772308248681745,-0.05337284080250468,0.004533543469375685,0.9480264836264514,1.0045438355248528,0.0,-1.6530692600964147,0.09831676862883248,3.3464186902538238
lambda_,SERVICE_ON_042A_6,-0.0643887344048852,0.9376404355793239,0.01514472131602007,-0.09407184274018059,-0.03470562606958981,0.9102173673818895,0.965889707161038,0.0,-4.251562842346585,2.1228392448026283e-05,15.523645349310854
lambda_,SERVICE_ON_042A_7,-0.03961794939322755,0.9611565794691566,0.021343638526222106,-0.08145071220366443,0.0022148134172093395,0.9217781411475613,1.002217267928206,0.0,-1.8561947319597927,0.06342580672040977,3.9787862255583057
lambda_,SERVICE_ON_042A_8,-0.017362565670642992,0.9827872950967615,0.03909725474797889,-0.09399177687106926,0.059266645529783266,0.910290247644061,1.0610581294300332,0.0,-0.44408656777981426,0.6569799974420123,0.6060786482826978
lambda_,SERVICE_ON_042A_9,-0.029309406539250425,0.971115948353386,0.12432504643123074,-0.2729820199207326,0.21436320684223178,0.7611064722606106,1.2390726127255698,0.0,-0.2357482050526533,0.8136280617069451,0.29755865685800914
lambda_,SERVICE_UND_042B_1,-0.026939100902716815,0.9734205201502651,0.0058876457389591,-0.03847867450480737,-0.015399527300626267,0.9622522250262131,0.9847184391013493,0.0,-4.575530202922753,4.750154275925436e-06,17.68359419914414
lambda_,SERVICE_UND_042B_2,-0.011909497577035744,0.9881611397926229,0.006013533390586767,-0.023695806442414844,-0.0001231887116566431,0.976582734755435,0.9998768188757612,0.0,-1.9804492306766226,0.04765307274602793,4.391286945366081
lambda_,SERVICE_UND_042B_3,0.06618523785616967,1.0684246115211815,0.01690962472761006,0.033042982397966034,0.09932749331437331,1.0335949646766502,1.1044279331036642,0.0,3.914057166987409,9.075813343115901e-05,13.42761353617691
lambda_,SERVICE_UND_042B_4,-0.0760472631444875,0.9267724033462452,0.007169916459381238,-0.09010004117703566,-0.06199448511193933,0.9138397590929915,0.9398880701542924,0.0,-10.606436431345863,2.7815640457445847e-26,84.8942341429236
lambda_,SERVICE_UND_042B_5,-0.05187160130947395,0.9494507672520298,0.005542924203182341,-0.06273553311674672,-0.04100766950220119,0.9391918259822017,0.9598217685644033,0.0,-9.358165366882174,8.113319032699867e-21,66.7401977733261
lambda_,SERVICE_UND_042B_6,-0.10937797670561054,0.8963915383374577,0.007544226267086931,-0.12416438848032198,-0.09459156493089911,0.8832346353485466,0.9097444301263223,0.0,-14.49823651005697,1.2430250224925546e-47,155.81676512110923
lambda_,SERVICE_UND_042B_7,-0.09825282989049469,0.9064197047862635,0.008526434028869415,-0.1149643335036355,-0.08154132627735389,0.8913979363811222,0.9216946188593585,0.0,-11.523320248280017,1.0065611860241662e-30,99.64840797432123
lambda_,SERVICE_UND_042B_8,-0.10973260167187351,0.8960737118763461,0.009007336031346761,-0.12738665588996312,-0.09207854745378391,0.8803931975627389,0.9120335088216454,0.0,-12.182581097228864,3.849047079987853e-34,111.00105390845114
lambda_,SERVICE_UND_042B_9,-0.030047903938382237,0.970399046498931,0.007103200400807862,-0.04396992089893612,-0.016125886977828352,0.9569827422207545,0.984003439038832,0.0,-4.2301923418864575,2.3349158184814093e-05,15.386269937541996
lambda_,STATE_02,-0.06102921993867836,0.9407957493802721,0.009863986784903148,-0.08036227878106757,-0.04169616109628915,0.9227819814921935,0.9591611667804065,0.0,-6.187074381738194,6.129104937443984e-10,30.603604543243666
lambda_,STATE_04,0.005670093552035018,1.00568619895781,0.008790462467460168,-0.01155889629163801,0.022899083395708043,0.9885076510985195,1.023163280173141,0.0,0.6450279007531307,0.5189091050862105,0.9464462444077383
lambda_,STATE_05,0.0022774097337953814,1.0022800050011316,0.004459494114898391,-0.0064630381206737895,0.011017857588264552,0.9935578023883619,1.0110787777120227,0.0,0.5106879110316467,0.609569607068494,0.7141371225427745
lambda_,STATE_06,-0.21269311170129418,0.8084041889386662,0.007609028803822274,-0.22760653411411372,-0.19777968928847464,0.796437569206858,0.8205506093144197,0.0,-27.9527278953723,6.107733122495902e-172,568.7609952956991
lambda_,STATE_08,-0.06924958983191778,0.9330937602974104,0.006553818717248886,-0.0820948384789301,-0.05640434118490548,0.9211845908080892,0.945156892759344,0.0,-10.566296203717224,4.2702799779072696e-26,84.27579980483769
lambda_,STATE_09,-0.06815934430460575,0.9341116163518213,0.007173754059066206,-0.08221964389432354,-0.05409904471488797,0.921069629156647,0.9473382730058669,0.0,-9.501210069847017,2.074652663524131e-21,68.70762017065978
lambda_,STATE_10,-0.023340495739729246,0.9769297867051365,0.013124154031842592,-0.04906336496969686,0.0023823734902383743,0.9521207966815957,1.0023852135969122,0.0,-1.7784381136566338,0.07533192761402138,3.730594743895515
lambda_,STATE_11,0.10800227902664869,1.1140502843338604,0.017960905276192363,0.07279955155557623,0.14320500649772117,1.075514930011716,1.1539663480179077,0.0,6.013186828049723,1.8191117875436541e-09,29.034118652184635
lambda_,STATE_12,-0.11877735910171633,0.888005485093707,0.006185164179584091,-0.13090005813216837,-0.10665466007126428,0.8773054495550482,0.8988360233672874,0.0,-19.203590341833625,3.4537289001225164e-82,270.60994893756066
lambda_,STATE_13,-0.07423790501714284,0.9284507844648102,0.004235948651100589,-0.08254021181366102,-0.06593559822062466,0.9207744111033099,0.9361911547263922,0.0,-17.52568577474476,9.123485424642146e-69,226.0234534679883
lambda_,STATE_15,-0.04318856309629666,0.9577307803580399,0.014120439469895836,-0.07086411590317035,-0.015513010289422965,0.931588471585408,0.9846066966503103,0.0,-3.0585849107864385,0.0022238504740321853,8.81272449643175
lambda_,STATE_16,-0.006785953448562749,0.9932370191405283,0.007992318230790692,-0.02245060933389539,0.00887870243676989,0.9777995301708273,1.0089182350280037,0.0,-0.8490594659281234,0.39584820375834306,1.336980790009061
lambda_,STATE_17,-0.07805241954904077,0.9249159415962117,0.004442362601329542,-0.08675929025391434,-0.0693455488441672,0.9168977753028927,0.9330042258377239,0.0,-17.570024456283846,4.179921913643344e-69,227.14956255608254
lambda_,STATE_18,-0.07197020736292091,0.9305586191934498,0.004269419265715379,-0.08033811535862449,-0.06360229936721733,0.9228042793324301,0.9383781189025834,0.0,-16.857142127235345,9.297738046706361e-64,209.38651829266902
lambda_,STATE_19,-0.13688263488607055,0.8720725710227849,0.005263886724154485,-0.14719966328411188,-0.12656560648802923,0.8631216265122809,0.88111634069856,0.0,-26.004099643321524,4.450697269464076e-149,492.8132547642963
lambda_,STATE_20,0.02977656620716687,1.0302243213082536,0.004938643195986671,0.02009700341053921,0.039456129003794534,1.0203003078362052,1.040244861305519,0.0,6.029300969011983,1.6467037365798654e-09,29.177771835178053
lambda_,STATE_21,0.016501414963361116,1.0166383152910055,0.0042815922529274774,0.00810964835113755,0.02489318157558468,1.0081426206202286,1.02520560382803,0.0,3.8540370003889346,0.00011618602524803065,13.071275826450787
lambda_,STATE_22,-0.14611580870364432,0.8640576319959619,0.0037875828555980337,-0.15353933468907785,-0.1386922827182108,0.8576670274694626,0.8704958538668457,0.0,-38.577587415067555,0.0,inf
lambda_,STATE_23,0.04470743373774349,1.0457218722105484,0.008373541213378794,0.028295594536459228,0.06111927293902775,1.028699717500103,1.0630256968252982,0.0,5.339131031720767,9.339312943831885e-08,23.352108338605657
lambda_,STATE_24,0.053648906591053244,1.0551140935133956,0.00688842919660233,0.0401478334556585,0.06714997972644798,1.0409646522197036,1.0694558628448327,0.0,7.788264212328,6.7936005748337764e-15,47.06474502488229
lambda_,STATE_25,-0.03488692153656078,0.9657146116080303,0.0061567152155515125,-0.0469538616221115,-0.022819981451010062,0.9541314186507822,0.9774384249834537,0.0,-5.666482907710008,1.4575836353814688e-08,26.031846092216313
lambda_,STATE_26,-0.11402687322614874,0.892233978354755,0.005155337656891922,-0.12413114936180002,-0.10392259709049746,0.8832639937771951,0.9012950575811273,0.0,-22.118216267311166,2.111118676391142e-108,357.690226565868
lambda_,STATE_27,-0.13948475360021517,0.8698062845176537,0.0062397751389046685,-0.15171448814409674,-0.1272550190563336,0.8592335670937716,0.880509097363789,0.0,-22.354131438252494,1.100726354237004e-110,365.2736345849239
lambda_,STATE_28,-0.1504414037220207,0.860328140557341,0.003240155251394032,-0.15679199131907132,-0.14409081612497007,0.8548818631733278,0.8658091150598934,0.0,-46.4303072074387,0.0,inf
lambda_,STATE_29,-0.0149910270081748,0.9851207790441017,0.004249598105346079,-0.023320086243422765,-0.006661967772926833,0.9769497255534803,0.9933601739379707,0.0,-3.527634057751435,0.00041929138281471365,11.219759199015105
lambda_,STATE_30,-0.01367107840804105,0.9864219463854542,0.007573965474067293,-0.02851577795736278,0.0011736211412806796,0.9718869596341527,1.001174310104073,0.0,-1.8050093382191705,0.07107322076693443,3.8145501115644938
lambda_,STATE_31,-0.018285731507036725,0.981880438095592,0.005441213247098813,-0.028950313503552642,-0.007621149510520809,0.9714647319464265,0.9924078178145931,0.0,-3.3605982115820305,0.0007777387430212082,10.328426771184853
lambda_,STATE_32,-0.04623384841517597,0.954818653252668,0.016457634669700606,-0.07849021963850691,-0.013977477191845035,0.9245111019401173,0.9861197541987875,0.0,-2.8092644746996958,0.004965483657881699,7.6538500358221375
lambda_,STATE_33,-0.01656087075566523,0.9835755065840998,0.007727272752374915,-0.03170604704903776,-0.001415694462292701,0.9687913192946481,0.998585307160393,0.0,-2.143171502594545,0.03209932965733219,4.961313020468911
lambda_,STATE_34,0.014258555331544472,1.0143606934013603,0.006229634832363912,0.0020486954232749877,0.026468415239813955,1.0020507954335927,1.0268218148287243,0.0,2.2888268277731276,0.022089416066668616,5.500500908195897
lambda_,STATE_35,-0.18216029913066284,0.8334677255550064,0.0075993476163923445,-0.19705474676479215,-0.16726585149653353,0.8211456770128237,0.845974677804931,0.0,-23.97051803996041,5.646807657763033e-127,419.3874325597897
lambda_,STATE_36,-0.16307927515489276,0.8495238396111119,0.005147630267428227,-0.17316844508478038,-0.15299010522500514,0.8409959412802216,0.8581382128539159,0.0,-31.680456187147197,2.888054621836682e-220,729.2940828470155
lambda_,STATE_37,-0.08872487694112835,0.9150973033137891,0.0036695497778629006,-0.09591706234521659,-0.08153269153704011,0.9085393650682455,0.9217025774874015,0.0,-24.178681939777526,3.7291519394096103e-129,426.62987666144153
lambda_,STATE_38,0.013433417527764205,1.013524051266562,0.007756569513035602,-0.0017691793613669599,0.02863601441689537,0.9982323847139268,1.029049966947494,0.0,1.7318761219361416,0.08329562102044367,3.5856155368987683
lambda_,STATE_39,-0.167318140635697,0.8459304436737669,0.004445531874491561,-0.1760312230018253,-0.1586050582695687,0.8385917995750195,0.8533333093606998,0.0,-37.63737284075447,5.26440482319114e-310,1027.401438981109
lambda_,STATE_40,-0.014086974497427712,0.9860117826541254,0.0038856188874069374,-0.021702647574393906,-0.006471301420461519,0.9785311604094649,0.9935495923563054,0.0,-3.625413326840357,0.0002884996475598004,11.759142823119033
lambda_,STATE_41,0.008506847542453141,1.0085431335903179,0.008227336985722526,-0.007618436638237339,0.024632131723143623,0.9924105100939078,1.0249380089857454,0.0,1.033973393482687,0.3011486017843925,1.731452534300861
lambda_,STATE_42,-0.15096509757899437,0.8598777099493151,0.004607144291418914,-0.15999493446175475,-0.141935260696234,0.8521481055440977,0.867677427500208,0.0,-32.7676078780897,1.7045017270831544e-235,779.8837522372436
lambda_,STATE_44,-0.1780730701720169,0.8368812701961835,0.009034428976815332,-0.19578022558746,-0.1603659147565738,0.8221929117875393,0.8518320340204519,0.0,-19.710495331691487,1.7524322165214624e-86,284.8764575179486
lambda_,STATE_45,0.010337147806818641,1.0103907606947455,0.00407755618744067,0.0023452845344964744,0.018329011079140808,1.0023480368655162,1.0184980184026418,0.0,2.535133136523836,0.01124045966308007,6.475155155987546
lambda_,STATE_46,-0.17637164039462552,0.838306376925158,0.00699186485893655,-0.19007544370291238,-0.16266783708633867,0.8268967474375044,0.8498734379729777,0.0,-25.225264497096035,2.1164194379797605e-140,463.98830771106657
lambda_,STATE_47,-0.11391040763284993,0.8923378989658759,0.004039406265169023,-0.12182749843150667,-0.10599331683419319,0.885301071154888,0.8994306591000641,0.0,-28.199789809476744,5.882366669990418e-175,578.7810198896643
lambda_,STATE_48,0.14924307962910524,1.1609551594623457,0.004303972088449216,0.14080744934527914,0.15767870991293134,1.1512029617585118,1.1707899710607004,0.0,34.675661589357496,1.8339402282949484e-263,872.792142335935
lambda_,STATE_49,-0.15312830851363626,0.8580196235257058,0.008586052286466668,-0.1699566617644887,-0.13629995526278382,0.8437013803331962,0.8725808580098012,0.0,-17.834541813237852,3.811613767967848e-71,233.9264927990948
lambda_,STATE_50,-0.08776494489661647,0.9159761562911678,0.0079391064475521,-0.10332530760324832,-0.07220458218998463,0.9018335524465819,0.9303405452345251,0.0,-11.054763590388367,2.078837875810618e-28,91.95820940701172
lambda_,STATE_51,-0.05790551888927871,0.9437391087439277,0.004728139020567837,-0.06717250108349015,-0.048638536695067264,0.935033893064597,0.9525253704479916,0.0,-12.247000064377213,1.7432583690519688e-34,112.1437688184244
lambda_,STATE_53,0.0760456723906803,1.0790118540828577,0.00819517311387734,0.05998342824040975,0.09210791654095085,1.0618189501911879,1.096483144364387,0.0,9.279324711507066,1.705560666828195e-20,65.6683158251908
lambda_,STATE_54,-0.11802221231873886,0.8886763128338687,0.0051901352243798144,-0.128194690433416,-0.10784973420406171,0.8796820967829753,0.8977624892903063,0.0,-22.739718180048325,1.8139015536031082e-114,377.840706658968
lambda_,STATE_55,-0.14603397619954311,0.8641283428888611,0.0056971684686552455,-0.1572002212119646,-0.13486773118712161,0.8545329460659304,0.8738314846976503,0.0,-25.63272913606026,6.588063142194795e-145,478.9597193762665
lambda_,STATE_56,-0.18679982652548863,0.8296097856388014,0.008018799236192356,-0.20251638422768295,-0.1710832688232943,0.8166731019304506,0.8427513956328034,0.0,-23.295236733497347,4.9545647836606426e-120,396.3226130519841
lambda_,STRAHNET_HIGHWAY_100_1,-0.01915962042631037,0.9810227584736306,0.002096702015684049,-0.023269080863363642,-0.0150501599892571,0.9769995565163436,0.9850625276380173,0.0,-9.137979685711107,6.362988460295067e-20,63.76885739257915
lambda_,STRAHNET_HIGHWAY_100_2,-0.06868165289233029,0.9336238492262755,0.004500414672833028,-0.07750230356657864,-0.059861002218081945,0.9254248926163278,0.9418954458635536,0.0,-15.261183220944154,1.3871007699988848e-52,172.2681883338665
lambda_,STRAHNET_HIGHWAY_100_3,0.136586148404685,1.146353630058465,0.03062322326278638,0.07656573371909453,0.19660656309027547,1.0795731523631806,1.2172650294902227,0.0,4.460214629681577,8.187761476841377e-06,16.898099494465338
lambda_,STRUCTURE_FLARED_035,8.202423668135756e-05,1.0000820276007611,0.0031408738540392674,-0.006073975397219121,0.006238023870581836,0.9939444338999462,1.0062575208613014,0.0,0.026115100603569828,0.9791655326306894,0.030375319922526147
lambda_,STRUCTURE_FLARED_035_missing,0.14581239494931533,1.1569791125641504,0.016243478832994963,0.1139757614530065,0.17764902844562416,1.1207249598103284,1.194406045115899,0.0,8.976672820426272,2.7907825701013304e-19,61.63596407446301
lambda_,STRUCTURE_KIND_043A_1,0.0284285197284189,1.0288364666960257,0.007094787548479139,0.014522991655436567,0.04233404780140124,1.0146289626827318,1.043242913552183,0.0,4.006958564180393,6.15056482253796e-05,13.98892157142271
lambda_,STRUCTURE_KIND_043A_2,0.04253496776428405,1.0434525429383108,0.007252258440400305,0.028320802414522832,0.05674913311404527,1.0287256491639856,1.0583902620190884,0.0,5.865065084737416,4.489565582125024e-09,27.730776999851635
lambda_,STRUCTURE_KIND_043A_3,0.012617910634705824,1.012697852347719,0.007074019190787987,-0.0012469122051838085,0.026482733474595455,0.998753864866826,1.0268365172098035,0.0,1.7836975408742557,0.0744728259607108,3.747142086391982
lambda_,STRUCTURE_KIND_043A_4,0.028320566111034798,1.028725406072555,0.007189236290094564,0.014229921906101102,0.04241121031596849,1.0143316491958925,1.0433234159045393,0.0,3.939301056226973,8.17193333650576e-05,13.578963039269835
lambda_,STRUCTURE_KIND_043A_5,0.11000869165626481,1.1162877728063203,0.007223841285121762,0.09585022290739262,0.124167160405137,1.1005942078478579,1.1322051150474082,0.0,15.228558783931055,2.2857475389708584e-52,171.5475948675932
lambda_,STRUCTURE_KIND_043A_6,0.14036820409580622,1.1506974123645934,0.008353324367263836,0.12399598918478827,0.15674041900682417,1.132011330701805,1.1696919446925285,0.0,16.803873275399262,2.2861540139596192e-63,208.08854737938591
lambda_,STRUCTURE_KIND_043A_7,-0.02818630025442087,0.9722072274747912,0.007167912164950212,-0.04223514994206981,-0.014137450566771929,0.9586443289076423,0.9859620139110857,0.0,-3.9322887342630617,8.414091711558823e-05,13.536832931218388
lambda_,STRUCTURE_KIND_043A_8,-0.07315095516980007,0.9294605125657394,0.009328029074322937,-0.09143355620221552,-0.05486835413738461,0.9126219522059901,0.9466097570091923,0.0,-7.8420590873972635,4.432177068815773e-15,47.68090590401731
lambda_,STRUCTURE_KIND_043A_9,0.0034075501679063326,1.003413362467005,0.01142298313811174,-0.018981085378801003,0.02579618571461367,0.981197921054287,1.0261317868422546,0.0,0.2983065042385778,0.7654692404956995,0.38558368904461615
lambda_,STRUCTURE_LEN_MT_049,-0.0009496992746255062,0.9990507515470043,0.00022714574765800443,-0.0013948967592766182,-0.0005045017899743941,0.9986060756570152,0.9994956254496551,0.0,-4.181012783278664,2.9021354604392533e-05,15.072525614045606
lambda_,STRUCTURE_LEN_MT_049_missing,-0.06875252996271503,0.9335576790480029,0.032826410868724114,-0.13309111300712848,-0.004413946918301576,0.8753853294853545,0.9955957802284313,0.0,-2.094427265827593,0.036221936011044606,4.786992531424553
lambda_,STRUCTURE_TYPE_043B_1,0.03518630143660095,1.035812664212522,0.004370758554642601,0.026619772084381113,0.04375283078882079,1.0269772431008193,1.0447240993418145,0.0,8.05038782094843,8.253209170451096e-16,50.10589431350064
lambda_,STRUCTURE_TYPE_043B_10,-0.027148883639833803,0.9732163347472174,0.0044397920047656424,-0.03585071606802334,-0.01844705121164426,0.9647843095284506,0.9817220542089229,0.0,-6.1148998896102285,9.661759763894403e-10,29.946994967739634
lambda_,STRUCTURE_TYPE_043B_11,-0.006144097724990345,0.9938747386461911,0.00521670379788467,-0.016368649286857617,0.004080453836876927,0.9837645890849344,1.0040887902235247,0.0,-1.177773928334157,0.2388867451329333,2.065601288232074
lambda_,STRUCTURE_TYPE_043B_12,-0.048699202832528814,0.9524675861657248,0.012117094026251314,-0.07244827072126683,-0.0249501349437908,0.930113859534939,0.9753585471245031,0.0,-4.019049677011954,5.8433350886429654e-05,14.062848450794469
lambda_,STRUCTURE_TYPE_043B_13,-0.007478698762268792,0.9925491971203668,0.022486860923695024,-0.051552136298072135,0.036594738773534544,0.9497541320068478,1.0372725692939462,0.0,-0.33258082520483245,0.7394507194420767,0.4354740925063495
lambda_,STRUCTURE_TYPE_043B_15,-0.0001602246393652568,0.9998397881959168,0.018096195259379465,-0.03562811560495347,0.03530766632622296,0.9649990948672853,1.0359383831309603,0.0,-0.008854051200746772,0.9929355815480855,0.010227971489960084
lambda_,STRUCTURE_TYPE_043B_16,0.0010409442698195992,1.0010414862403434,0.011167024394464,-0.020846021357810048,0.022927909897449247,0.9793697549849844,1.02319277481633,0.0,0.0932159036328104,0.9257320401283039,0.1113334395470834
lambda_,STRUCTURE_TYPE_043B_17,-0.008947960969074261,0.9910919528957254,0.013313103557241975,-0.03504116446372061,0.017145242525572084,0.9655656684465448,1.0172930658097878,0.0,-0.6721168306549233,0.5015093225829006,0.9956515754674335
lambda_,STRUCTURE_TYPE_043B_18,0.05598435962237588,1.057581142638818,0.044490069731698466,-0.031214574721428696,0.14318329396618046,0.9692675704418529,1.153941292759187,0.0,1.2583563019791788,0.20826292786617695,2.2635220416037
lambda_,STRUCTURE_TYPE_043B_19,0.7943434188000155,2.212987513694156,0.00937585563377603,0.7759670794335675,0.8127197581664635,2.17269227753073,2.2540300743058066,0.0,84.72223227695984,0.0,inf
lambda_,STRUCTURE_TYPE_043B_2,-0.019917594544377012,0.9802794503532192,0.004204571856311403,-0.02815840395315808,-0.011676785135595944,0.9722343488387898,0.9883911239430487,0.0,-4.737127875333868,2.167683953802432e-06,18.815414140824014
lambda_,STRUCTURE_TYPE_043B_20,-0.006232703284135873,0.9937866797205656,0.011821037491212223,-0.029401511026809546,0.0169361044585378,0.9710265083355792,1.0170803333504002,0.0,-0.5272551828694625,0.5980163923242728,0.7417430639743346
lambda_,STRUCTURE_TYPE_043B_21,-0.0819393070395713,0.9213278751157312,0.03579750009141311,-0.15210111795531028,-0.011777496123832304,0.8589014259939006,0.988291587108503,0.0,-2.2889672974461814,0.022081252547190722,5.501034179236189
lambda_,STRUCTURE_TYPE_043B_22,0.00020164630167002657,1.0002016666336522,0.005087390081836646,-0.009769455034036076,0.01017274763737613,0.9902781110674747,1.0102246659358616,0.0,0.03963649305956668,0.9683829330339292,0.04635044165985539
lambda_,STRUCTURE_TYPE_043B_3,-0.015481745551486013,0.9846374806018757,0.004638144468110615,-0.024572341664076503,-0.006391149438895523,0.9757271006430563,0.9936292305164524,0.0,-3.337917923413159,0.0008440867875257268,10.210321037612337
lambda_,STRUCTURE_TYPE_043B_4,0.010908495982849485,1.0109682105597018,0.004465532150234176,0.0021562137965847935,0.019660778169114178,1.002158540097253,1.019855324151707,0.0,2.442821060481545,0.014572960861030743,6.100562163054982
lambda_,STRUCTURE_TYPE_043B_5,-0.03764980338945462,0.9630501387393534,0.004716010925512535,-0.0468930149541566,-0.02840659182475264,0.9541894761346824,0.9719930820060496,0.0,-7.983400374621237,1.4235621490481715e-15,49.31941594451452
lambda_,STRUCTURE_TYPE_043B_6,-0.04141328619901049,0.9594325277757305,0.0068200385297965795,-0.05478031609058728,-0.028046256307433695,0.9466930983518294,0.9723433887462746,0.0,-6.072295049078809,1.2609497795210905e-09,29.562842036114468
lambda_,STRUCTURE_TYPE_043B_7,0.06380743812443643,1.0658871297738006,0.006172593247666438,0.051709377667795084,0.07590549858107777,1.0530696524788417,1.0788606154807578,0.0,10.337217367847616,4.782220821025959e-25,80.79052162355573
lambda_,STRUCTURE_TYPE_043B_8,-0.2369327241610465,0.7890443698539806,0.016136089646478013,-0.26855887871945305,-0.20530656960263993,0.7644804098571328,0.8143976085857008,0.0,-14.683404055874297,8.235033335276877e-49,159.73270215951197
lambda_,STRUCTURE_TYPE_043B_9,-0.028200251304856327,0.9721936642573377,0.007412507700802538,-0.042728499433555105,-0.013672003176157549,0.9581714988602824,0.9864210341743105,0.0,-3.8044144361297785,0.00014214003274051615,12.78039944282729
lambda_,STRUCTURE_TYPE_043B_Other,-0.03538989562269711,0.9652290043179673,0.07267046910003169,-0.17782139779839012,0.1070416065529959,0.8370919165977257,1.1129805608006822,0.0,-0.48699142940693735,0.6262644046181345,0.6751562129752834
lambda_,SURFACE_TYPE_1,-0.142482050528472,0.8672031199902678,0.0019662850663285385,-0.14633589844181488,-0.1386282026151291,0.8638674827036931,0.8705516371181727,0.0,-72.46256047426301,0.0,inf
lambda_,SURFACE_TYPE_2,-0.0896276973471124,0.9142715076235877,0.003665913810871293,-0.09681275638684811,-0.08244263830737669,0.907725956109526,0.9208642586743983,0.0,-24.44893741945619,5.165065054471433e-132,436.1257220050498
lambda_,SURFACE_TYPE_3,-0.07769740731634833,0.925244356361871,0.0034588764601728205,-0.08447668060526045,-0.07091813402743621,0.9189930854894856,0.9315381502827287,0.0,-22.463192372145674,9.510373500524595e-112,368.8064446262805
lambda_,SURFACE_TYPE_4,-0.01860795034227224,0.9815641086908714,0.004841485526483719,-0.02809708760585227,-0.009118813078692209,0.9722939645254752,0.9909226372091307,0.0,-3.8434381845166534,0.00012132256850153249,13.008864433075468
lambda_,SURFACE_TYPE_5,0.11597714550708581,1.1229702069253362,0.0074181429656784955,0.10143785246218681,0.1305164385519848,1.1067611337751493,1.1394166700997752,0.0,15.634255910633833,4.2541513544392025e-55,180.6171738563069
lambda_,SURFACE_TYPE_6,-0.10864398704781822,0.8970497219763727,0.001914495054154818,-0.11239632840254173,-0.10489164569309471,0.8936899925752437,0.9004220819112914,0.0,-56.74811580841649,0.0,inf
lambda_,SURFACE_TYPE_7,-0.12627661922828684,0.8813710088915322,0.0023085963232479714,-0.13080138487669446,-0.12175185357987922,0.8773920204108446,0.8853680421560348,0.0,-54.69844076101961,0.0,inf
lambda_,SURFACE_TYPE_8,-0.11869383166149673,0.8880796610165972,0.002412133311953177,-0.12342152607883428,-0.11396613724415919,0.883891000915305,0.8922881707072912,0.0,-49.20699493403487,0.0,inf
lambda_,SURFACE_TYPE_9,-0.10415000269136046,0.901090121339711,0.0026727526397766106,-0.10938850160490697,-0.09891150377781395,0.8963821039564346,0.9058228663782848,0.0,-38.96731824014412,0.0,inf
lambda_,SURFACE_TYPE_Unknown,-0.16039977591085372,0.8518031904928677,0.005127971842689784,-0.17045041603626118,-0.15034913578544626,0.8432849019999955,0.8604075249219064,0.0,-31.279379222706293,8.901704842211077e-215,711.0604587352811
lambda_,TEMP_STRUCTURE_103,-0.0476892456742403,0.9534300235508657,0.002609067608971707,-0.05280292422105488,-0.042575567127425724,0.9485669336302045,0.9583180454428385,0.0,-18.2782713296708,1.2327162252953632e-74,245.5208382961155
lambda_,TOLL_020_2,-0.018229837195901075,0.9819353211601082,0.013349216846912622,-0.044393821437665154,0.007934147045863003,0.9565771626895369,1.0079657057992517,0.0,-1.365610987143207,0.1720610961590357,2.539007160921068
lambda_,TOLL_020_3,0.004962099427517859,1.0049744310313264,0.011866076771813802,-0.018294983683024502,0.02821918253806022,0.9818713536070055,1.0286211155020424,0.0,0.41817523373054766,0.6758190019171805,0.5652911797418443
lambda_,TOLL_020_4,-0.05423475820052994,0.9472097151504697,0.02376992066080276,-0.10082294661107788,-0.007646569789982009,0.9040930914617337,0.9923825908511644,0.0,-2.2816549947499203,0.022509717115633068,5.473308263521872
lambda_,TOLL_020_Other,-0.010215127336982564,0.9898368698729507,0.05236639553835812,-0.11285137659234346,0.09242112191837831,0.8932834130755269,1.096826622568263,0.0,-0.19507027802782484,0.8453379302765012,0.24239990985454682
lambda_,TRAFFIC_DIRECTION_102_1,0.014806904285245944,1.0149170695564629,0.00427301894272889,0.0064319410522399,0.02318186751825199,1.0064526704045822,1.0234526554169778,0.0,3.4652091375447474,0.0005298192906485759,10.88221200655468
lambda_,TRAFFIC_DIRECTION_102_2,-0.006896068476836867,0.9931276548395198,0.003652834867602927,-0.01405549325881074,0.000263356305137007,0.986042824014942,1.0002633909864531,0.0,-1.887867567734378,0.05904373149209644,4.082072288921355
lambda_,TRAFFIC_DIRECTION_102_3,-0.02361970882397945,0.9766570532034476,0.0037390744467863868,-0.030948160075194797,-0.016291257572764103,0.9695258319195308,0.983840727258942,0.0,-6.3169934592449275,2.66700865692187e-10,31.804058441090902
lambda_,TRAFFIC_LANES_ON_028A,-0.001672470303462425,0.9983289274956278,0.0007241286118948448,-0.0030917363029513032,-0.00025320430397354657,0.9969130381919716,0.9997468277495307,0.0,-2.3096315709526123,0.020908560192545868,5.579762471443242
lambda_,TRAFFIC_LANES_ON_028A_missing,-0.16410948105241407,0.8486491057967913,0.021350427890406348,-0.20595555077213,-0.12226341133269815,0.8138692513387472,0.8849152410967924,0.0,-7.686472697165729,1.512469442410535e-14,45.91008733362468
lambda_,TRAFFIC_LANES_UND_028B,-0.0009999980440098387,0.9990005017874102,0.0007137401510808795,-0.0023989030344485395,0.000398906946428862,0.9976039720339729,1.0003989865203855,0.0,-1.4010673807483771,0.16119392479925415,2.6331307233983496
lambda_,TRAFFIC_LANES_UND_028B_missing,-0.2613923231096757,0.7699787798814473,0.039024651103814756,-0.3378792337823939,-0.18490541243695752,0.7132814229966167,0.8311828996989515,0.0,-6.69813350577589,2.11098369918632e-11,35.46329360538566
lambda_,VERT_CLR_OVER_MT_053_unrestricted,0.015025788074299135,1.015139242764392,0.001994314847984893,0.011117002798415272,0.018934573350182997,1.0111790262994194,1.0191149691579147,0.0,7.5343108885147085,4.909203986821147e-14,44.21150421373357
lambda_,VERT_CLR_UND_054B,-0.002716662583908249,0.9972870242045467,0.0007449742783618909,-0.004176785338906272,-0.001256539828910226,0.9958319252972716,0.9987442492867076,0.0,-3.646652861467733,0.0002656784556626434,11.8780311376784
lambda_,VERT_CLR_UND_054B_missing,-0.10622077702147084,0.8992260976995712,0.005649970085246728,-0.11729451490228313,-0.09514703914065856,0.8893232356442643,0.90923923088348,0.0,-18.800237066535246,7.517962146459484e-79,259.5219778447873
lambda_,YEAR_BUILT_027,-0.44276181465645487,0.6422601658290503,0.0007750745228058396,-0.4442809328064889,-0.44124269650642084,0.6412852374572763,0.6432365763577096,0.0,-571.2506367176375,0.0,inf
lambda_,annual_max_tmax,-0.03315068791566762,0.9673927742044832,0.0023862261664000387,-0.03782760526077878,-0.028473770570556466,0.9628789218442998,0.9719277869231159,0.0,-13.892517139597102,7.031994015133439e-44,143.3509023324268
lambda_,annual_precip_mm,0.029564694394301767,1.0300060689352195,0.003930724889522981,0.02186061517770154,0.037268773610901994,1.0221013091318745,1.0379719628228186,0.0,7.521435670327371,5.417798348227301e-14,44.06928663134429
lambda_,design_load_ordinal,0.016923861188517485,1.0170678810374751,0.0005429248487470713,0.01585974803866137,0.0179879743383736,1.0159861813584639,1.0181507323799805,0.0,31.171645997734927,2.5819396833194317e-213,706.2022289127614
lambda_,design_load_ordinal_missing,-0.02810964417724556,0.9722817559235436,0.0013471299300576028,-0.030749970322654425,-0.025469318031836698,0.9697180010465872,0.9748522888937827,0.0,-20.866319981505868,1.0836150647423584e-96,318.7892447536147
lambda_,dist_to_coast_km,0.012926218736096343,1.0130101234352382,0.001839812586467835,0.009320252328315903,0.016532185143876783,1.0093638211322673,1.0166695979167697,0.0,7.02583449595415,2.127905738267458e-12,38.773702894738804
lambda_,ever_reconstructed,-0.17090709073578228,0.842899883041664,0.01632455888059431,-0.20290263820525062,-0.13891154326631394,0.8163577196092165,0.8703050093919019,0.0,-10.469323672748471,1.1949367225759936e-25,82.79126814932773
lambda_,freeze_thaw_cycles,-0.0027137336799672065,0.9972899451667199,0.00177965078986671,-0.006201785133164218,0.0007743177732298049,0.993817406242164,1.0007746176346277,0.0,-1.5248686401956735,0.12729186513491864,2.9737878712844994
lambda_,freeze_thaw_cycles_missing,0.014074848980643033,1.0141743660151639,0.006640844727420132,0.0010590324879768617,0.027090665473309204,1.0010595934608943,1.0274609537743162,0.0,2.1194365413375507,0.03405359140123675,4.8760492322561335
lambda_,freezing_index,0.044960138023459335,1.0459861640017505,0.002912370180672754,0.03925199735969233,0.05066827868722634,1.0400325360835976,1.0519738732434756,0.0,15.437645365903862,9.137570359131217e-54,176.19230651408327
lambda_,heavy_rain_days,-0.00533120443641755,0.9946829812138911,0.0027910920168354577,-0.01080164426695231,0.00013923539411720993,0.9892564840105669,1.0001392450878146,0.0,-1.9100783507890482,0.05612312599276369,4.1552608221451575
lambda_,hot_days,0.0032996255462125136,1.0033050753029888,0.0024299769611068472,-0.001463041780818995,0.008062292873244023,0.9985380279430601,1.0080948806750272,0.0,1.3578834692776445,0.17450066354626348,2.518695572532185
lambda_,location_imputed,0.07294154920058545,1.075667661442445,0.001780001703003847,0.06945280997027795,0.07643028843089295,1.0719214760049094,1.0794269391685916,0.0,40.97835922150677,0.0,inf
lambda_,max_1day_precip,-0.001836509330387584,0.9981651760209936,0.0014485703293626382,-0.004675655005011679,0.0010026363442365107,0.9953352588534133,1.0010031391520864,0.0,-1.2678081920921551,0.20486645596868255,2.287244312438267
lambda_,max_swe,-0.007577089501820865,0.992451544274967,0.0010337812008869964,-0.009603263423453945,-0.005550915580187785,0.9904427006580029,0.9944644622848009,0.0,-7.329490510486777,2.310293371986772e-13,41.97698917001715
lambda_,mean_diurnal_range,-0.01543871684133028,0.9846798491941634,0.0029731330990314464,-0.02126595063667587,-0.009611483045984687,0.9789585752892694,0.9904345596263233,0.0,-5.192743253357789,2.0721785857212582e-07,22.20234832063115
lambda_,mean_srad,0.006061180504715184,1.0060795866280916,0.0018672269443187626,0.0024014829428876325,0.009720878066542735,1.00240436881271,1.0097682792710085,0.0,3.2460866758360427,0.0011700321063747438,9.739236165902897
lambda_,mean_srad_missing,-0.02357761667826891,0.9766981636596479,0.005487191387391981,-0.03433231417383556,-0.012822919182702255,0.9662503525911339,0.9872589441628747,0.0,-4.296846057245903,1.7324541910726937e-05,15.816823268790621
lambda_,mean_tmax_DJF,0.03935047257172508,1.0401349585510637,0.006198528652669163,0.027201579655353934,0.05149936548809623,1.02757492008571,1.0528485182470038,0.0,6.348356969323725,2.176266381427586e-10,32.09742579134629
lambda_,mean_tmax_JJA,0.06438316914292024,1.0665009707433017,0.004469167290262127,0.055623762213122,0.07314257607271847,1.0571998503693407,1.0758839212841709,0.0,14.406077231256207,4.738712720813209e-47,153.88612525786633
lambda_,mean_tmin_DJF,0.011329375457645372,1.0113937958829788,0.006141936011841571,-0.0007085979209136822,0.023367348836204428,0.9992916530753044,1.0236425043705393,0.0,1.8445935346448559,0.0650966882106723,3.941272041523218
lambda_,mean_tmin_JJA,-0.027625986701026062,0.9727521210024122,0.003919826081800062,-0.03530870464701494,-0.019943268755037186,0.9653073753840532,0.9802542827751852,0.0,-7.047758274096605,1.8182313686725681e-12,39.000601345498026
lambda_,mean_vp,-0.01880451134884977,0.9813711904223724,0.003217287658715868,-0.025110279287838065,-0.012498743409861478,0.9752023614762209,0.9875790414751863,0.0,-5.844833705779144,5.070745624563803e-09,27.55515495098482
lambda_,skew_major_variation,-0.30030852164798805,0.740589697477404,0.02742682094948324,-0.3540641029194038,-0.24655294037657224,0.701829976562966,0.781489988067595,0.0,-10.949446973862505,6.685453192820586e-28,90.27296129594804
lambda_,snow_days,-0.0029988544488096396,0.9970056376237137,0.001301785727207036,-0.005550307589723713,-0.00044740130789556543,0.9944650669098946,0.9995526987611454,0.0,-2.303646741652055,0.021242481745221146,5.5569038646699855
lambda_,wet_days,-0.02323218029324284,0.9770356090221617,0.0025576093778516013,-0.028245002560353873,-0.01821935802613181,0.9721501583437547,0.981945611080956,0.0,-9.083552982886673,1.0508716582884292e-19,63.04504731743888
lambda_,years_since_reconstruction,-0.016862927240312048,0.983278456089469,0.0003598641107498328,-0.017568247936710253,-0.016157606543913842,0.9825851739659226,0.9839722273717321,0.0,-46.859152487241694,0.0,inf
lambda_,years_since_reconstruction_missing,-0.22548634447454727,0.7981279592301384,0.0163351047246823,-0.25750256141861466,-0.19347012753047987,0.7729796463864925,0.824094453563864,0.0,-13.803789340501625,2.4180065137245833e-43,141.56908994917356
lambda_,Intercept,4.684120646062385,108.21507110765535,0.0266735132786152,4.631841520695148,4.736399771429622,102.70301981061397,114.02295313642442,0.0,175.60943686476267,0.0,inf
rho_,Intercept,1.7333477495223812,5.659569048766361,0.0017793063661927064,1.7298603731271807,1.7368351259175818,5.639866376544017,5.679340551572053,0.0,974.1704871383865,0.0,inf
